method,Total Return,Annualized Return,Sharpe Ratio,Sortino Ratio,Calmar Ratio,MDD,Turnover
buy_and_hold_spy,0.1760013803222824,0.0556023838239403,0.3420013791731899,0.4251109202175332,0.1630341488766629,-0.3410474689324391,1.0
cppi_spy_cash,-0.027527580632078,-0.0092735780214177,-0.0020500406934195,-0.0026294154379307,-0.0426612676506918,-0.2173769916390964,9.960378058207944
risk_parity_spy_cash,0.0798619838153145,0.0259766641832368,0.22808421322224,0.2847621126318008,0.0898368410983397,-0.289153802222426,2.943727611526435
ppo_markovian_mdd_static,0.0590544071979766,0.0193353652346675,0.3340533341248216,0.4152904741070327,0.2033841464036838,-0.0950682025937754,1.7590673332660085
ppo_profit_only,0.1760013803222824,0.0556023838239403,0.3420013791731899,0.4251109202175332,0.1630341488766629,-0.3410474689324391,1.0
ppo_variance_penalized,0.1356009435109044,0.0433570712699451,0.3384317335480896,0.4207887255252477,0.1828885141778799,-0.2370683116151047,2.4444322604304363
sac_profit_only,0.1760013803222824,0.0556023838239403,0.3420013791731899,0.4251109202175332,0.1630341488766629,-0.3410474689324391,1.0
ppo_hybrid_regime_aware_policy,0.2762373917898992,0.0848189351896848,0.6447335445410396,0.858764601328527,0.4592136321363116,-0.1847047414404881,51.22026187813034
